date,source,title,description,url,compound,pos,neg,neu,query
2026-03-23,The Local Sweden,High electricity prices expected in Sweden for the rest of the year,"Electricity prices have skyrocketed in the wake of the Iran war. In southern Sweden in particular, unusually high electricity costs are expected for the rest of the year. Experts say it is likely too late to fix prices.",https://www.thelocal.se/20260323/high-electricity-prices-expected-in-sweden-for-the-rest-of-the-year,-0.5994,0.0,0.074,0.926,"""electricity price"" AND Europe"
2026-03-17,The Conversation Africa,Would more North Sea drilling lower UK energy bills? Our analysis says no,"Maximising North Sea production would reduce bills by just £16 to £82 per year, say researchers.",https://theconversation.com/would-more-north-sea-drilling-lower-uk-energy-bills-our-analysis-says-no-278467,-0.0258,0.067,0.07,0.863,"""electricity price"" AND Europe"
2026-03-17,DW (English),The German village running on its own juice,"While war in the Middle East sends oil prices soaring and households brace for higher bills, one tiny German village has spent 30 years making itself immune to exactly this kind of shock.",https://www.dw.com/en/the-german-village-running-on-its-own-juice/a-76395682,-0.6801,0.047,0.145,0.809,"""electricity price"" AND Europe"
2026-03-11,OilPrice.com,EU Mulls Capping Gas Price as Energy Costs Spike on Iran War,"The European Union is considering emergency relief measures in the wake of the energy price spike amid the Middle East war, including capping the price of natural gas, European Commission President Ursula von der Leyen said on Wednesday. The price spike in oi…",https://oilprice.com/Latest-Energy-News/World-News/EU-Mulls-Capping-Gas-Price-as-Energy-Costs-Spike-on-Iran-War.html,0.4588,0.228,0.145,0.627,"""electricity price"" AND Europe"
2026-03-28,DW (English),Solar is winning the energy race,"The world’s cheapest power source is scaling at warp speed, pushing coal, gas and nuclear aside. Since the turn of the century, the expansion of solar power has surpassed expectations, more than any other energy source. 

Once extremely expensive and only use…",https://www.dw.com/en/solar-is-winning-the-energy-race/a-76517556,0.765,0.144,0.0,0.856,"""electricity price"" AND Europe"
2026-03-24,Lse.ac.uk,How should governments respond to the Iran energy crisis?,"Energy prices have risen sharply since the start of the war in Iran. Daisy Jameson and Carina Perez argue European governments should act swiftly to limit the impact of high … Continued
The post How should governments respond to the Iran energy crisis? first …",https://blogs.lse.ac.uk/europpblog/2026/03/24/iran-energy-crisis-eu-gas-prices-government-response/,-0.8541,0.123,0.214,0.663,"""electricity price"" AND Europe"
2026-03-16,Naftemporiki.gr,Papastavrou: Europe must be prepared with targeted measures,"“Another international crisis is knocking on Europe’s door, testing its reflexes,” Environment and Energy Minister Stavros Papastavrou said upon his arrival at the EU Council on energy issues.
As he…
Papastavrou: Europe must be prepared with targeted measures…",https://www.naftemporiki.gr/english/2086072/papastavrou-europe-must-be-prepared-with-targeted-measures/,0.2263,0.151,0.077,0.772,"""electricity price"" AND Europe"
2026-03-03,GlobeNewswire,Fingrid Oyj’s Financial Statements Bulletin January–December 2025,"Fingrid’s consolidated financial statements have been drawn up in accordance with the International Financial Reporting Standards (IFRS). Unless otherwise indicated, the figures in parentheses refer to the same period of the previous year. The information rep…",https://www.globenewswire.com/news-release/2026/03/03/3248094/0/en/Fingrid-Oyj-s-Financial-Statements-Bulletin-January-December-2025.html,0.0,0.0,0.0,1.0,"""electricity price"" AND Europe"
2026-03-16,Protothema.gr,Heated exchange between Papastavrou and Sweden’s energy minister over European power grids at the Council of Ministers,"A dispute over the joint planning of electricity grids saw the Greek minister challenge his Swedish counterpart, saying that “ultimatums are not the way we should operate,” and calling for a common European strategy for energy networks, invoking Jacques Delor…",https://en.protothema.gr/2026/03/16/heated-exchange-between-papastavrou-and-swedens-energy-minister-over-european-power-grids-at-the-council-of-ministers/,0.2023,0.09,0.044,0.866,"""electricity price"" AND Europe"
2026-03-04,Protothema.gr,The nightmare of the energy crisis returns: How gasoline and diesel prices are shaping up in the Greek market,Tensions in the Middle East are sending international oil and natural gas prices soaring – Wholesale electricity prices signal steep power bills from April – Concerns over the Strait of Hormuz and possible increases in fuel and electricity costs in the coming…,https://en.protothema.gr/2026/03/04/the-nightmare-of-the-energy-crisis-returns-how-gasoline-and-diesel-prices-are-shaping-up-in-the-greek-market/,-0.4939,0.067,0.099,0.833,"""electricity price"" AND Europe"
2026-03-03,Plos.org,An optimization scheduling model of multi-energy virtual power plants considering uncertainty constraints and multi-energy coupling characteristics,"Existing research on virtual power plants (VPPs) has not fully integrated the coupling relationships among electricity, heat, hydrogen, and carbon, and scheduling strategies under uncertainty conditions remain imperfect. To address this gap, this paper propos…",https://journals.plos.org/plosone/article?id=10.1371/journal.pone.0343212,-0.5423,0.046,0.125,0.829,"""electricity price"" AND Europe"
2026-03-28,Thelocal.com,What are European countries doing to keep fuel costs down?,"War in the Middle East has caused energy market volatility around the globe, forcing governments in Europe to intervene and keep fuel costs down for consumers.",https://www.thelocal.com/20260328/what-are-european-countries-doing-to-keep-fuel-costs-down,-0.4215,0.053,0.098,0.85,"""energy market"" AND (Spain OR Portugal OR Iberia)"
2026-03-23,Europa.eu,Luis de Guindos: Interview with El Mundo,The European Central Bank (ECB) is the central bank of the European Union countries which have adopted the euro. Our main task is to maintain price stability in the euro area and so preserve the purchasing power of the single currency.,https://www.ecb.europa.eu/press/inter/date/2026/html/ecb.in260323~b893c61107.en.html,0.0,0.0,0.0,1.0,"""energy market"" AND (Spain OR Portugal OR Iberia)"
2026-03-24,NPR,Asia boosts coal use as Iran war squeezes global LNG supplies,Analysts say coal may stabilize supplies for now but they warn that continued reliance on the polluting fuel will worsen air pollution.,https://www.npr.org/2026/03/24/g-s1-114940/asia-boosts-coal-use-as-iran-war-squeezes-global-lng-supplies,-0.7814,0.042,0.217,0.741,"""energy market"" AND (Spain OR Portugal OR Iberia)"
2026-03-28,OilPrice.com,Why Spain Is Weathering Europe’s Energy Crunch Better Than Most,Europe has “sleepwalked into yet another energy crisis” watching energy prices spike across the continent for the second time in four years due to instability in global politics and energy trade. Four years after the Russian invasion of Ukraine sent global en…,https://oilprice.com/Alternative-Energy/Solar-Energy/Why-Spain-Is-Weathering-Europes-Energy-Crunch-Better-Than-Most.html,0.8885,0.227,0.0,0.773,"""energy market"" AND (Spain OR Portugal OR Iberia)"
2026-03-02,GlobeNewswire,TURBO ENERGY HELPS INDUSTRIAL OPERATORS SHIELD MARGINS FROM ENERGY PRICE SHOCKS AS GLOBAL VOLATILITY INTENSIFIES,Real-world deployments totaling 366 MWh demonstrate how AI-driven renewable electrification reduces exposure to volatile fuel markets and strengthens financial resilience Real-world deployments totaling 366 MWh demonstrate how AI-driven renewable electrificat…,https://www.globenewswire.com/news-release/2026/03/02/3247368/0/en/TURBO-ENERGY-HELPS-INDUSTRIAL-OPERATORS-SHIELD-MARGINS-FROM-ENERGY-PRICE-SHOCKS-AS-GLOBAL-VOLATILITY-INTENSIFIES.html,0.8388,0.26,0.082,0.658,"""energy market"" AND (Spain OR Portugal OR Iberia)"
2026-03-30,GlobeNewswire,"Turbo Energy Expects to Report 130%–140% Revenue Growth, Reaching $22.5 – $23.5 Million in 2025 Based on Preliminary Unaudited Results",Company Advances Strategic Transformation into an AI-Driven Intelligent Energy Platform and Provides 2026 Outlook Company Advances Strategic Transformation into an AI-Driven Intelligent Energy Platform and Provides 2026 Outlook,https://www.globenewswire.com/news-release/2026/03/30/3264600/0/en/Turbo-Energy-Expects-to-Report-130-140-Revenue-Growth-Reaching-22-5-23-5-Million-in-2025-Based-on-Preliminary-Unaudited-Results.html,0.9287,0.289,0.0,0.711,"""energy market"" AND (Spain OR Portugal OR Iberia)"
2026-03-24,Abcnews.com,Asia boosts coal use as Iran war squeezes global LNG supplies,Asian countries are burning more coal to keep power going as the war in the Middle East disrupts other fossil fuel supplies,https://abcnews.com/Business/wireStory/asia-boosts-coal-iran-war-squeezes-global-lng-131346260,-0.7579,0.057,0.195,0.748,"""energy market"" AND (Spain OR Portugal OR Iberia)"
2026-03-14,Activistpost.com,"The Real Agenda Behind Venezuela, Iran & Greenland","This is not about Liberating Oppressed Peoples, it is about Establishing Global Maritime Supremacy & a Chokehold on World Trade I had written an article several months back discussing the real agenda behind Trump’s enthusiastic backing of the sale CK Hutchiso…",https://www.activistpost.com/the-real-agenda-behind-venezuela-iran-greenland/,0.7231,0.152,0.0,0.848,"""energy market"" AND (Spain OR Portugal OR Iberia)"
2026-03-11,Breitbart News,"Whoops! Ending Nuclear Power May Have Been a Mistake After All, Says EU Chief","Europe's mad dash to decommission its nuclear power plants was a ""strategic mistake"", Commission boss Ursula von der Leyen has admitted.
The post Whoops! Ending Nuclear Power May Have Been a Mistake After All, Says EU Chief appeared first on Breitbart.",https://www.breitbart.com/europe/2026/03/11/whoops-ending-nuclear-power-may-have-been-a-mistake-after-all-says-eu-chief/,-0.8619,0.022,0.176,0.801,"""energy market"" AND (Spain OR Portugal OR Iberia)"
2026-03-20,Irishtimes.comhttps,Spain says the sun shields it from rising energy costs. Is that true?,"Prime minister says Spain is less at risk because it has shifted so quickly to renewable energy such as solar, wind and hydroelectric power",https://www.irishtimes.comhttps://www.nytimes.com/2026/03/20/world/europe/spain-iran-energy-renewables-gas-sun.html,0.6948,0.202,0.043,0.755,"""energy market"" AND (Spain OR Portugal OR Iberia)"
2026-03-19,The Irish Times,European leaders say they will not be drawn into Iran war,Fears new strikes on Gulf oil and gas production sites could do ‘lasting’ damage to energy supply,https://www.irishtimes.com/world/middle-east/2026/03/19/european-leaders-say-they-will-not-be-drawn-into-iran-war/,-0.8834,0.056,0.331,0.613,"""energy market"" AND (Spain OR Portugal OR Iberia)"
2026-03-22,The National,Dependency on oil is ludicrous with Scotland's green jackpot,Dependency on oil is ludicrous with Scotland's green jackpotthenational.scot,https://www.thenational.scot/business/25957356.dependency-oil-ludicrous-scotlands-green-jackpot/,-0.6124,0.0,0.238,0.762,"""energy market"" AND (Spain OR Portugal OR Iberia)"
2026-03-23,The Star Online,"Economic Watch: From oil shocks to grocery bills, Europe feels pinch of Mideast tensions","BRUSSELS, March 23 (Xinhua) -- After years of sluggish growth, Europe entered 2026 hoping for a turnaround. But escalating tensions in the Middle East have sent oil and gas prices on a wild ride, threatening to derail that recovery. Read full story",https://www.thestar.com.my/news/world/2026/03/24/economic-watch-from-oil-shocks-to-grocery-bills-europe-feels-pinch-of-mideast-tensions,-0.9144,0.054,0.241,0.704,"""energy market"" AND (Spain OR Portugal OR Iberia)"
2026-03-16,NPR,Oil and gas prices are soaring. Some countries are ready with solar panels and EVs,"As an energy crisis grows, some countries are more prepared because of renewable energy and electric vehicles. Pakistan reduced its reliance on imported natural gas because of the growth of solar.",https://www.npr.org/2026/03/16/nx-s1-5732984/energy-iran-war-solar-pakistan-crisis-renewable-evs,0.8016,0.266,0.071,0.662,"""natural gas"" AND (TTF OR price OR Europe)"
2026-03-03,The Verge,What Trump’s war on Iran means for the US energy crunch,"Fuel prices surged after the Trump administration launched strikes against Iran on Saturday, immediately raising questions about whether the war would increase energy costs for Americans, put more pressure on power grids, and push companies to pump out more o…",https://www.theverge.com/science/888526/what-trumps-war-on-iran-means-for-the-us-energy-crunch,-0.7778,0.125,0.201,0.674,"""natural gas"" AND (TTF OR price OR Europe)"
2026-03-19,Gizmodo.com,"Higher Oil Prices From Trump’s Iran War Risk Killing the AI Boom, WTO Says",President Deals seems to be setting the global economy on fire.,https://gizmodo.com/higher-oil-prices-from-trumps-iran-war-risk-killing-the-ai-boom-wto-says-2000735678,-0.9153,0.0,0.379,0.621,"""natural gas"" AND (TTF OR price OR Europe)"
2026-03-20,NPR,Cuba readies for first Russian oil shipment of the year as energy crisis deepens,"Cuba is preparing to receive its first shipment of Russian oil this year, just days after the government announced it was operating on natural gas, solar power and thermoelectric plants as severe power outages continue to hit it.",https://www.npr.org/2026/03/20/g-s1-114535/cuba-readies-for-first-russian-oil-shipment-of-the-year-as-energy-crisis-deepens,-0.4767,0.078,0.113,0.809,"""natural gas"" AND (TTF OR price OR Europe)"
2026-03-23,Scientific American,Iran attack on Qatar’s liquid natural gas trains has global energy consequences,Why the destruction of Qatar’s liquid natural gas “trains” by Iranian attacks will have global consequences,https://www.scientificamerican.com/article/iran-attack-on-qatars-liquid-natural-gas-trains-has-global-energy/,-0.5574,0.183,0.25,0.567,"""natural gas"" AND (TTF OR price OR Europe)"
2026-03-11,Gizmodo.com,Former Climate Hero Wins Permit for 41 Gas Turbines in Mississippi,xAI can power data centers at the cost of greenhouse gas pollution. Elon Musk used to speak out against this sort of thing.,https://gizmodo.com/former-climate-hero-wins-permit-for-41-gas-turbines-in-mississippi-2000732189,0.8074,0.186,0.0,0.814,"""natural gas"" AND (TTF OR price OR Europe)"
2026-03-02,Yahoo Entertainment,3 Oil Pipeline Stocks Capitalizing on Solid Industry Fundamentals,"Midstream players will secure additional cashflows from rising clean energy demand from data centers, which brightens the outlook for the Zacks Oil and Gas -...",https://finance.yahoo.com/news/3-oil-pipeline-stocks-capitalizing-153700257.html,0.8316,0.277,0.037,0.686,"""natural gas"" AND (TTF OR price OR Europe)"
2026-03-11,Business Insider,Map shows gas prices have risen above $3 a gallon in every US state — the first time since 2023,"The Iran war has pushed gas prices up across the US. For the first time since 2023, no state has an average price below $3 a gallon, per AAA.",https://www.businessinsider.com/gas-prices-map-us-states-2026-3,-0.7269,0.0,0.115,0.885,"""natural gas"" AND (TTF OR price OR Europe)"
2026-03-11,Business Insider,Oil's price spike is bad news for power-hungry AI,"AI data centers use far more electricity than traditional servers, driven by power-hungry GPUs and advanced cooling systems.",https://www.businessinsider.com/oil-price-spike-impact-electricity-power-ai-semiconductor-chips-fab-2026-3,-0.0772,0.132,0.11,0.757,"""natural gas"" AND (TTF OR price OR Europe)"
2026-03-03,Business Insider,America's average gas price saw its largest single-day jump in 4 years,Consumers in 49 of the 50 states woke up to higher prices at the gas pump on Tuesday as attacks in the Middle East spur fears of supply disruptions.,https://www.businessinsider.com/average-gas-price-largest-single-day-jump-iran-attacks-2026-3,-0.7964,0.0,0.176,0.824,"""natural gas"" AND (TTF OR price OR Europe)"
2026-03-19,Abcnews.com,Oil and gas prices surge as Iran escalates strikes on Gulf refineries,"Iran on Wednesday and Thursday released retaliatory strikes on energy sites in several Gulf countries, following Israel's attack on a major Iranian gas field.",https://abcnews.com/Business/oil-gas-prices-surge-iran-escalates-strikes-gulf/story?id=131211099,-0.5423,0.105,0.185,0.709,"""natural gas"" AND (TTF OR price OR Europe)"
2026-03-19,Business Insider,What smart people are saying about oil's latest spike to nearly $120 a barrel,"After Brent crude surged 11% to levels last seen in 2022, energy gurus warned of more volatility, shipping chaos, pricier food, and economic pain.",https://www.businessinsider.com/oil-price-shock-iran-qatar-lng-gas-smart-people-krugman-2026-3,-0.7943,0.137,0.256,0.607,"""natural gas"" AND (TTF OR price OR Europe)"
2026-03-03,Al Jazeera English,"India, Europe feel fuel crunch as Gulf gas supplies disrupted amid war",India and Europe bear the brunt of soaring prices as Qatar halts its liquefied natural gas production.,https://www.aljazeera.com/news/2026/3/3/india-europe-feel-fuel-crunch-as-gulf-gas-supplies-disrupted-amid-war,-0.34,0.075,0.117,0.808,"""natural gas"" AND (TTF OR price OR Europe)"
2026-03-06,Business Insider,"US gas prices climb to the highest point in Trump's second term. He says, 'If they rise, they rise.'","The average American paid $3.32 for a gallon of regular gas on Friday, according to AAA. That's the highest since August 2024.",https://www.businessinsider.com/us-gas-prices-climb-highest-trumps-term-oil-iran-2026-3,0.0,0.0,0.0,1.0,"""natural gas"" AND (TTF OR price OR Europe)"
2026-03-02,Abcnews.com,Oil prices surge as Strait of Hormuz tanker disruptions rattle global supply,Oil prices have jumped as tanker disruptions near the Strait of Hormuz raise fears about supply shortages from the Persian Gulf,https://abcnews.com/Business/wireStory/oil-prices-surge-strait-hormuz-tanker-disruptions-rattle-130670290,-0.6908,0.063,0.232,0.705,"""natural gas"" AND (TTF OR price OR Europe)"
2026-03-18,New Scientist,Will war in the Middle East accelerate the clean energy transition?,"Disruption to shipping traffic through the Strait of Hormuz has led to a spike in oil and natural gas prices, which could spur countries to boost the rollout of renewable energy and electric vehicles",https://www.newscientist.com/article/2519862-will-war-in-the-middle-east-accelerate-the-clean-energy-transition/,0.7351,0.269,0.11,0.621,"""natural gas"" AND (TTF OR price OR Europe)"
2026-03-09,Yahoo Entertainment,Oil price tops $100 a barrel as Iran war rattles commodity markets,The price of oil hit its highest level since the outbreak of the war in Ukraine,https://uk.finance.yahoo.com/news/oil-prices-trump-iran-israel-gold-pound-dollar-093225057.html,-0.6705,0.091,0.216,0.693,"""natural gas"" AND (TTF OR price OR Europe)"
2026-03-19,Business Insider,Ranked: The 20 US states where gas prices are rising the most,Gas prices are surging across the US as the Iran war disrupts oil supply. See the 20 states where prices are rising fastest.,https://www.businessinsider.com/states-where-gas-prices-are-rising-most-iran-war-2026-3,-0.5994,0.0,0.103,0.897,"""natural gas"" AND (TTF OR price OR Europe)"
2026-03-02,Yahoo Entertainment,"Stocks enter global selloff, but some on Wall Street are looking for assets that respond well to war",Wells Fargo’s Ohsung Kwon argued that traders should buy the dip.,https://finance.yahoo.com/news/stocks-enter-global-selloff-wall-104200415.html,-0.5267,0.181,0.216,0.603,"""natural gas"" AND (TTF OR price OR Europe)"
2026-03-18,Business Insider,"Here's what to know about the Jones Act, a century-old shipping law Trump is waiving to shield Americans from surging oil prices",The Trump administration's move to waive the Jones Act for 60 days is meant to dull the impact of Iran-war disruptions. Here's how that works.,https://www.businessinsider.com/jones-act-trump-oil-prices-iran-economy-gas-geopolitics-2026-3,-0.6249,0.0,0.102,0.898,"""natural gas"" AND (TTF OR price OR Europe)"
2026-03-11,NPR,Countries agree to historic release of stockpiled oil to ease the global shortage,Members of the International Energy Agency have announced a coordinated release of 400 million barrels of stockpiled oil in an attempt to counter the disruption in oil trade triggered by the Iran war.,https://www.npr.org/2026/03/11/nx-s1-5743816/iran-war-oil-reserves-iea,-0.6249,0.085,0.179,0.737,"""natural gas"" AND (TTF OR price OR Europe)"
2026-03-02,Business Insider,"From Iran to Venezuela to New York, Trump wants to control the world's oil",Forget Saudi Arabia. Trump is making America the world's most dominant petrostate.,https://www.businessinsider.com/trump-energy-dominance-oil-iran-venezuela-2026-2,-0.2263,0.0,0.071,0.929,"""natural gas"" AND (TTF OR price OR Europe)"
2026-03-19,Al Jazeera English,Iran’s strike on Qatar gas facility will reduce supply for 3 to 5 years,Iran’s strike on Qatar’s Ras Laffan gas facility will cut about 17% of the country’s Liquefied Natural Gas exports.,https://www.aljazeera.com/video/newsfeed/2026/3/19/irans-strike-on-qatar-gas-facility-will-reduce-supply-for-3-to-5-years,-0.1531,0.068,0.139,0.792,"""natural gas"" AND (TTF OR price OR Europe)"
2026-03-20,Business Insider,One of the world's biggest energy groups is telling people to work from home as oil prices soar,"The IEA has issued 10 measures for governments, businesses, and households to take immediately to save fuel.",https://www.businessinsider.com/iea-telling-people-work-from-home-as-oil-prices-soar-2026-3,0.7964,0.202,0.0,0.798,"""natural gas"" AND (TTF OR price OR Europe)"
2026-03-30,Business Insider,5 of tech's biggest names have together seen nearly $200 billion wiped off their fortunes this year as AI fever cools,"Oracle's Larry Ellison, Amazon's Jeff Bezos, and Meta's Mark Zuckerberg have seen their fortunes shrink as stocks have faltered.",https://www.businessinsider.com/big-tech-billionaires-wealth-ai-stocks-zuck-bezos-ellison-iran-2026-3,0.0,0.0,0.0,1.0,"""natural gas"" AND (TTF OR price OR Europe)"
2026-03-14,NPR,"Russian strike on Kyiv region kills 4 and wounds 15, with peace talks stalled",The strikes comes after the United States paused ceasefire talks between Russia and Ukraine due to the war with Iran.,https://www.npr.org/2026/03/14/nx-s1-5747959/russian-strike-kyiv-region,-0.7096,0.135,0.284,0.581,"""natural gas"" AND (TTF OR price OR Europe)"
2026-03-20,Vox,Why the US wants to protect Iran’s oil and gas,"The Trump administration’s rhetoric on the war in Iran tends to be heavy on words like “lethality” and “obliteration,” so it was notable that the president seemed almost apologetic on Wednesday, when discussing an Israeli strike on Iran’s South Pars gas field…",https://www.vox.com/politics/483440/pars-iran-qatar-oil-gas-hormuz,-0.0772,0.087,0.092,0.821,"""natural gas"" AND (TTF OR price OR Europe)"
2026-03-26,Business Insider,"From panic buying in Chile to $8 gas in California, photos show how people around the world are grappling with a growing energy crisis",Energy costs are rising globally due to the closure of the Strait of Hormuz during the Iran war. Other supply chains could also be in peril.,https://www.businessinsider.com/iran-war-gas-prices-energy-crisis-photos-2026-3,-0.8779,0.094,0.223,0.684,"""natural gas"" AND (TTF OR price OR Europe)"
2026-03-21,Al Jazeera English,EU urges members to start storing winter gas as Iran war causes price surge,"War, which saw Iran attack Qatar facility, has caused 'high, volatile' gas prices that could hit EU storage projections.",https://www.aljazeera.com/news/2026/3/21/eu-urges-members-to-start-storing-winter-gas-as-iran-war-causes-price-surge,-0.8658,0.059,0.286,0.656,"""natural gas"" AND (TTF OR price OR Europe)"
2026-03-11,Yahoo Entertainment,Analysis: Iran war becomes a contest of who can take the most pain,"The war with Iran, for all its complexity and global effects, boils down to a single question: Who can take the pain the longest?  A surge in oil prices...",https://www.yahoo.com/news/articles/analysis-iran-war-becomes-contest-090335857.html,-0.9254,0.046,0.275,0.679,"""natural gas"" AND (TTF OR price OR Europe)"
2026-03-23,Al Jazeera English,Why the oil and gas price shock from the Iran war won’t just fade away,Rerouting and diversification cannot help when a significant chunk of oil and gas have been taken off the market.,https://www.aljazeera.com/opinions/2026/3/23/why-the-oil-and-gas-price-shock-from-the-iran-war-wont-just-fade-away,-0.7881,0.044,0.216,0.74,"""natural gas"" AND (TTF OR price OR Europe)"
2026-03-19,The Atlantic,Trump Is Kicking the Economy While It’s Down,How the war with Iran could lead to a recession,https://www.theatlantic.com/podcasts/2026/03/trump-is-kicking-the-economy-while-its-down/686446/,-0.7717,0.0,0.295,0.705,"""natural gas"" AND (TTF OR price OR Europe)"
2026-03-03,The Wall Street Journal,European Gas Prices Soar After Qatar LNG Halt Jolts Market,Prices rose nearly 40% after a production halt at the world’s largest liquefied-natural-gas export facility stoked concerns over global supply.,https://www.wsj.com/business/energy-oil/european-gas-prices-soar-after-qatar-lng-halt-jolts-market-f37e8e16,0.4215,0.088,0.0,0.912,"""natural gas"" AND (TTF OR price OR Europe)"
2026-03-02,Al Jazeera English,Iran says will attack any ship trying to pass through Strait of Hormuz,"Ebrahim Jabari, a senior adviser to the IRGC's commander-in-chief, reiterates that the Strait of Hormuz is 'closed'.",https://www.aljazeera.com/news/2026/3/2/iran-says-will-attack-any-ship-trying-to-pass-through-strait-of-hormuz,-0.4767,0.0,0.097,0.903,"""natural gas"" AND (TTF OR price OR Europe)"
2026-03-24,Al Jazeera English,Are Middle East attacks pushing Asia towards an energy crisis?,"Energy facilities in the Middle East are under attack, including Qatar's LNG, pushing prices higher.",https://www.aljazeera.com/video/counting-the-cost/2026/3/24/are-middle-east-attacks-pushing-asia-towards-an-energy-crisis,-0.7845,0.122,0.294,0.583,"""natural gas"" AND (TTF OR price OR Europe)"
2026-03-25,Al Jazeera English,Are Middle East attacks pushing Asia towards an energy crisis?,"Energy facilities in the Middle East are under attack, including Qatar's LNG, pushing prices higher.",https://www.aljazeera.com/video/counting-the-cost/2026/3/25/are-middle-east-attacks-pushing-asia-towards-an-energy-crisis,-0.7845,0.122,0.294,0.583,"""natural gas"" AND (TTF OR price OR Europe)"
2026-03-24,Al Jazeera English,QatarEnergy declares force majeure on some LNG contracts,"Move comes amid production disruptions linked to the US-Israeli war on Iran, which have affected the Gulf country.",https://www.aljazeera.com/news/2026/3/24/qatarenergy-declares-force-majeure-on-some-lng-contracts,-0.7845,0.0,0.256,0.744,"""natural gas"" AND (TTF OR price OR Europe)"
2026-03-19,Al Jazeera English,"Why are Iran’s South Pars gasfield, Qatar’s Ras Laffan, so significant?","Israel's strike on South Pars and Iran's attack on Ras Laffan escalate energy crisis, deepen regional tensions.",https://www.aljazeera.com/economy/2026/3/19/why-are-irans-south-pars-gasfield-qatars-ras-laffan-so-significant,-0.8019,0.117,0.306,0.577,"""natural gas"" AND (TTF OR price OR Europe)"
2026-03-09,Al Jazeera English,"Putin says Russia can supply oil, gas to Europe as energy prices soar","Russian president spoke as oil prices surged past $100 per barrel, reaching levels unseen since start of Ukraine war.",https://www.aljazeera.com/news/2026/3/9/putin-says-russia-can-supply-oil-gas-to-europe-amid-global-energy-crisis,0.2023,0.174,0.101,0.725,"""natural gas"" AND (TTF OR price OR Europe)"
2026-03-11,Al Jazeera English,Which countries have seen the highest petrol prices since the Iran war?,At least 85 countries have reported petrol price rises since the attacks on Iran by the US and Israel on February 28.,https://www.aljazeera.com/news/2026/3/11/which-countries-have-seen-the-highest-petrol-prices-since-the-iran-war,-0.7783,0.0,0.175,0.825,"""natural gas"" AND (TTF OR price OR Europe)"
2026-03-23,Yahoo Entertainment,SolarEdge (SEDG) Soars 38.7% as Jefferies Hikes Price Target,"SolarEdge Technologies Inc. (NASDAQ:SEDG) is one of the 10 Stocks Gaining Momentum Fast. SolarEdge soared by 38.7 percent week-on-week, even hitting a new...",https://finance.yahoo.com/markets/stocks/articles/solaredge-sedg-soars-38-7-061851121.html,0.4215,0.083,0.0,0.917,"""natural gas"" AND (TTF OR price OR Europe)"
2026-03-30,Al Jazeera English,Australia to halve fuel tax as global energy crisis deepens,Prime Minister Anthony Albanese announces the tax cut as the price of crude oil tops $116 a barrel.,https://www.aljazeera.com/news/2026/3/30/australia-to-halve-fuel-tax-as-global-energy-crisis-deepens,-0.6705,0.141,0.258,0.601,"""natural gas"" AND (TTF OR price OR Europe)"
2026-03-11,Bringatrailer.com,20k-Mile 2012 Subaru Impreza WRX STi,"This 2012 Subaru Impreza WRX STi was initially delivered to Gurley Leep Subaru of Mishawaka, Indiana, and it has 20k miles. The car was modified under previous ownership, which included fitting the turbocharged 2.5-liter flat-four with a PERRIN Performance he…",https://bringatrailer.com/listing/2012-subaru-impreza-wrx-sti-36/,0.0,0.0,0.0,1.0,"""carbon"" AND (ETS OR EUA OR ""emission trading"")"
2026-03-17,Bringatrailer.com,30k-Mile 2018 Mercedes-AMG G63,"This 2018 Mercedes-AMG G63 is finished in Magnetite Black Metallic over black Exclusive leather and is powered by a twin-turbocharged 5.5-liter V8 linked with a seven-speed automatic transmission, a dual-range transfer case, and three locking differentials. I…",https://bringatrailer.com/listing/2018-mercedes-benz-g63-12-2/,0.128,0.036,0.0,0.964,"""carbon"" AND (ETS OR EUA OR ""emission trading"")"
2026-03-06,Wattsupwiththat.com,Libs Promise to Cut £600 Energy Bills by £800!,Their ploy is to mislead the public into believing that the pricing system stops people from benefitting from “cheap renewables”. The problem is the diametric opposite.,https://wattsupwiththat.com/2026/03/06/libs-promise-to-cut-600-energy-bills-by-800/,0.2942,0.177,0.149,0.675,"""carbon"" AND (ETS OR EUA OR ""emission trading"")"
2026-03-15,TheJournal.ie,Taoiseach hints at fuel tax cuts but rules out any change to carbon tax,"The carbon tax is a “very important” tax that allows the government to expand supports, says Micheál Martin.",https://www.thejournal.ie/micheal-martin-petrol-and-diesel-cuts-6985204-Mar2026/,0.6808,0.168,0.043,0.788,"""carbon"" AND (ETS OR EUA OR ""emission trading"")"
2026-03-17,Financial Post,EU Carbon Price Emerges as Flashpoint in Push for Cheaper Energy,The future of the European Union’s flagship carbon market is set to become a sticking point in a debate among member states Tuesday on how to reduce energy prices.,https://financialpost.com/pmn/business-pmn/eu-carbon-price-emerges-as-flashpoint-in-push-for-cheaper-energy,0.5574,0.131,0.0,0.869,"""carbon"" AND (ETS OR EUA OR ""emission trading"")"
2026-03-20,Financial Post,EU Leaders Face Multi-Year Energy Squeeze After Qatar Attack,"The European Union is bracing for a protracted energy price shock after Iran crippled a vital Qatar gas plant, raising the prospect of a years-long supply crunch.",https://financialpost.com/pmn/business-pmn/eu-leaders-face-multi-year-energy-squeeze-after-qatar-attack,0.2263,0.194,0.129,0.677,"""carbon"" AND (ETS OR EUA OR ""emission trading"")"
2026-03-14,RTE,Crude awakening: Europe reels from Trump's Gulf war,"The US-Israeli attack on Iran presents a cascade of political and economic problems, our Europe Editor Tony Connelly examines the matter of sky-rocketing oil and gases on EU members states.",https://www.rte.ie/news/analysis-and-comment/2026/0314/1563337-iran-war-analysis-comment/,-0.9231,0.023,0.282,0.695,"""carbon"" AND (ETS OR EUA OR ""emission trading"")"
2026-03-21,RTE,Europe seeks fresh momentum amid multiple crises,"EU policy advances that have languished for years as a result of member state resistance are being accelerated, in part thanks to the kind of chaos US President Donald Trump creates, writes Europe Editor Tony Connelly.",https://www.rte.ie/news/analysis-and-comment/2026/0321/1564432-middle-east-europe-crises/,0.3197,0.145,0.079,0.775,"""carbon"" AND (ETS OR EUA OR ""emission trading"")"
2026-03-20,YLE News,"Orpo hails EU climate compromise, urges ""Plan B"" for Ukraine loan","The Finnish PM said that EU support for Ukraine must be resolved, even if it means having a contingency plan.",https://yle.fi/a/74-20216372,0.5267,0.132,0.0,0.868,"""carbon"" AND (ETS OR EUA OR ""emission trading"")"
2026-03-27,PR Newswire UK,"FONDAZIONE MAIRE PRESENTED IN BERLIN THE ""CLIMATE GOALS"" STUDY IN THE FRAMEWORK OF MAIRE EUROPEAN STRATEGY LEVERAGING ON GERMANY","The study by Fondazione MAIRE – ETS with Ipsos Doxa has been monitoring public awareness of the energy transition worldwide since 2023 involving 2,850 individuals and 25 experts from 17 countries Germany emerges as one of the most informed and pragmatic count…",https://www.prnewswire.co.uk/news-releases/fondazione-maire-presented-in-berlin-the-climate-goals-study-in-the-framework-of-maire-european-strategy-leveraging-on-germany-302727536.html,0.2732,0.034,0.0,0.966,"""carbon"" AND (ETS OR EUA OR ""emission trading"")"
2026-03-19,Skepticalscience.com,Skeptical Science New Research for Week #12 2026,"Open access notables

The emerging human fingerprint on global extreme fire weather, Turco et al., Science Advances

Extreme fire weather (hot, dry, and windy conditions) has intensified globally, yet formally attributing this trend to anthropogenic climate c…",https://skepticalscience.com/new_research_2026_12.html,-0.7708,0.0,0.155,0.845,"""carbon"" AND (ETS OR EUA OR ""emission trading"")"
2026-03-24,GlobeNewswire,TURKCIMENTO Warns CBAM Default Values Risk Becoming Trade Barrier,Turkish cement producers warn that EU CBAM default emissions significantly overstate actual emissions Turkish cement producers warn that EU CBAM default emissions significantly overstate actual emissions,https://www.globenewswire.com/news-release/2026/03/24/3261022/0/en/TURKCIMENTO-Warns-CBAM-Default-Values-Risk-Becoming-Trade-Barrier.html,-0.2732,0.068,0.197,0.734,"""carbon"" AND (ETS OR EUA OR ""emission trading"")"
2026-03-12,Skepticalscience.com,Skeptical Science New Research for Week #11 2026,"Open access notables

Weather Rescue at Sea: Recovering Historical Weather Observations From 19th Century British Naval Ships, Teleti et al., Geoscience Data Journal 

Ship logbooks represent a critical source of historical meteorological data, providing valu…",https://skepticalscience.com/new_research_2026_11.html,-0.0772,0.069,0.096,0.835,"""carbon"" AND (ETS OR EUA OR ""emission trading"")"
2026-03-17,Www.gov.uk,Guidance: Companies and products awarded ETS CPS compensation,Companies and products awarded compensation for the indirect costs of the UK Emissions Trading Scheme (UK ETS) and Carbon Price Support (CPS) scheme by year.,https://www.gov.uk/government/publications/companies-and-products-awarded-ets-cps-compensation,0.7964,0.213,0.0,0.787,"""carbon"" AND (ETS OR EUA OR ""emission trading"")"
2026-03-12,Www.gov.uk,UK Emissions Trading Scheme: Regulating cross-boundary CCS pipelines,"The UK ETS Authority is seeking views on making regulatory requirements for cross-boundary carbon capture and storage (CCS) pipelines less complex, burdensome and costly.",https://www.gov.uk/government/consultations/uk-emissions-trading-scheme-regulating-cross-boundary-ccs-pipelines,-0.3862,0.038,0.115,0.847,"""carbon"" AND (ETS OR EUA OR ""emission trading"")"
2026-03-16,Wattsupwiththat.com,Weekly Climate and Energy News Roundup #683,"Quote of the Week: “…turbulence is the most important unsolved problem of classical physics.""— Richard Feynman,",https://wattsupwiththat.com/2026/03/16/weekly-climate-and-energy-news-roundup-683/,0.0591,0.154,0.109,0.736,"""carbon"" AND (ETS OR EUA OR ""emission trading"")"
2026-03-05,Financial Post,EU to Consider Options to Cut Energy Prices This Decade,"The European Union is set to discuss short-term options to lower energy prices in the coming years, while the green transition takes effect.",https://financialpost.com/pmn/business-pmn/eu-to-consider-options-to-cut-energy-prices-this-decade,-0.0258,0.112,0.115,0.773,"""carbon"" AND (ETS OR EUA OR ""emission trading"")"
2026-03-18,The Next Web,Homaio raises €3.6M to bring carbon allowance investing to retail,"The Paris startup opened the EU’s emissions trading market to private investors in 2024. Now it has the backing to expand into energy, electrification, and other markets shaping the industrial transition. Valentin Lautier says he got the idea for Homaio on th…",https://thenextweb.com/news/homaio-seed-round-carbon-allowances-energy-transition,0.5423,0.101,0.0,0.899,"""carbon"" AND (ETS OR EUA OR ""emission trading"")"
2026-03-27,Plos.org,Emission-reduction cooperation among technologically complementary manufacturers under a carbon cap-and-trade mechanism with price competition,"In recent years, driven by emission reduction targets, an increasing number of manufacturers producing similar products have been compelled to seek emission reduction cooperation even while competing in the market, a phenomenon that has attracted growing atte…",https://journals.plos.org/plosone/article?id=10.1371/journal.pone.0345856,0.6124,0.13,0.0,0.87,"""carbon"" AND (ETS OR EUA OR ""emission trading"")"
2026-03-11,Protothema.gr,"Ursula von der Leyen: We all stand in solidarity with Cyprus, your security is our security","She stressed that the EU strategy must continue to be based on domestic energy sources, namely renewables and nuclear energy
The post Ursula von der Leyen: We all stand in solidarity with Cyprus, your security is our security appeared first on ProtoThema Engl…",https://en.protothema.gr/2026/03/11/ursula-von-der-leyen-we-all-stand-in-solidarity-with-cyprus-your-security-is-our-security/,0.9153,0.258,0.034,0.708,"""carbon"" AND (ETS OR EUA OR ""emission trading"")"
2026-03-20,POLITICO.eu,Von der Leyen promises ETS tweaks in ‘days’,"The Commission president also floated a €30 billion ""ETS investment booster"" to help industry decarbonize.",https://www.politico.eu/article/von-der-leyen-promises-ets-tweaks-in-days-emissions-trading-carbon-market-electricity-bills/,0.6486,0.202,0.0,0.798,"""carbon"" AND (ETS OR EUA OR ""emission trading"")"
2026-03-13,POLITICO.eu,How the Iran energy panic supercharged Europe’s great climate debate,A war-fueled spike in oil and gas prices has divided EU countries into the green and not-so-green.,https://www.politico.eu/article/how-iran-energy-panic-supercharged-europe-ets-climate-debate/,0.6249,0.242,0.095,0.663,"""carbon"" AND (ETS OR EUA OR ""emission trading"")"
2026-03-05,POLITICO.eu,Big EU lobby groups exaggerated industry support for attack on carbon price,"A letter to EU leaders was issued ‘on behalf of’ 1,300 signatories. Some firms deny they supported the demands.",https://www.politico.eu/article/big-eu-lobby-groups-exaggerated-industry-support-attack-carbon-price/,-0.2023,0.161,0.182,0.658,"""carbon"" AND (ETS OR EUA OR ""emission trading"")"
2026-03-06,Plos.org,A full belly counsels well: More stabilisation with more responsibility,Design/methodology/approach This paper uses the data of Chinese A-share listed companies from 2009 to 2022 to study the impact of supply chain stability on corporate ESG performance.   Purpose To study the impact and mechanism of supply chain stability on cor…,https://journals.plos.org/plosone/article?id=10.1371/journal.pone.0344283,0.2732,0.041,0.0,0.959,"""carbon"" AND (ETS OR EUA OR ""emission trading"")"
2026-03-05,Gizmodo.com,This Startup Wants to Tuck Data Centers Beneath Offshore Wind Turbines,Aikido Technologies has come up with a new way to bring renewable energy to the AI industry.,https://gizmodo.com/this-startup-wants-to-tuck-data-centers-beneath-offshore-wind-turbines-2000729795,0.34,0.116,0.0,0.884,"""renewable energy"" AND (Spain OR Portugal OR Iberia OR generation)"
2026-03-18,BBC News,Wales strikes deal to speed up renewable energy schemes,"The impact of the war in the Middle East on oil prices makes energy independence more important, ministers say.",https://www.bbc.com/news/articles/czj1jv034nwo,-0.204,0.211,0.178,0.611,"""renewable energy"" AND (Spain OR Portugal OR Iberia OR generation)"
2026-03-02,Techmeme.com,"AWS plans to invest an additional €18B in Aragon, Spain, taking its total investment to €33.7B; its Aragon facilities have used 100% renewable energy since 2022 (Cristina Cueto/DatacenterDynamics)","Cristina Cueto / DatacenterDynamics:
AWS plans to invest an additional €18B in Aragon, Spain, taking its total investment to €33.7B; its Aragon facilities have used 100% renewable energy since 2022  —  Including facilities for the manufacture, assembly, stora…",https://www.techmeme.com/260302/p20,0.5859,0.099,0.0,0.901,"""renewable energy"" AND (Spain OR Portugal OR Iberia OR generation)"
2026-03-06,Nature.com,Celebrate women in research and the networks that sustain them,"On International Women’s Day, we celebrate technology pioneers and recognize the mentorship that is necessary to inspire the current generation and those of the future.",https://www.nature.com/articles/d41586-026-00761-z,0.9022,0.258,0.0,0.742,"""renewable energy"" AND (Spain OR Portugal OR Iberia OR generation)"
2026-03-12,Grist,"In rural West Texas, renewable energy brings a windfall for seniors",How officials in Crockett County are using wind investments to help older residents age in place.,https://grist.org/solutions/in-ozona-rural-west-texas-wind-energy-helps-seniors-age-in-place/,0.6249,0.203,0.0,0.797,"""renewable energy"" AND (Spain OR Portugal OR Iberia OR generation)"
2026-03-08,Yanko Design,5 Solar Panel Designs So Beautiful You’d Never Know They’re Generating Power,"5 Solar Panel Designs So Beautiful You’d Never Know They’re Generating PowerA quiet revolution is reshaping the future of sustainable architecture. Instead of treating buildings merely as energy-saving shells, designers are now turning them into active...",https://www.yankodesign.com/2026/03/08/5-solar-panel-designs-so-beautiful-youd-never-know-theyre-generating-power/,0.9285,0.22,0.0,0.78,"""renewable energy"" AND (Spain OR Portugal OR Iberia OR generation)"
2026-03-10,Yahoo Entertainment,How Nextpower (NXT) Is Positioning for Italy’s Agrivoltaics Buildout,"Nextpower Inc. (NASDAQ:NXT) is one of the 10 Best Renewable Energy Stocks to Buy Now. On March 4, 2026, Nextpower said its Europe unit was showcasing an...",https://finance.yahoo.com/news/nextpower-nxt-positioning-italy-agrivoltaics-162648690.html,0.765,0.187,0.0,0.813,"""renewable energy"" AND (Spain OR Portugal OR Iberia OR generation)"
2026-03-12,CleanTechnica,"In Battle Against Renewable Energy Investing, Texas AG Is All Hat — No Cattle","The case for renewable energy is stronger than ever before in Texas, despite the efforts of State AG and US Senate hopeful Ken Paxton to go to bat for coal power.
The post In Battle Against Renewable Energy Investing, Texas AG Is All Hat — No Cattle appeared …",https://cleantechnica.com/2026/03/12/in-battle-against-renewable-energy-investing-texas-ag-is-all-hat-no-cattle/,0.5423,0.21,0.125,0.665,"""renewable energy"" AND (Spain OR Portugal OR Iberia OR generation)"
2026-03-11,ArchDaily,How Architecture Is Learning to Generate Its Own Energy,"Beyond being a source of life, the power of the sun in architecture has long been tied to humanity's need to harness and control it as a vital resource. Since ancient times, solar energy has been used to measure time, support planting and harvesting, and prov…",https://www.archdaily.com/1038623/how-architecture-is-learning-to-generate-its-own-energy,0.7964,0.151,0.0,0.849,"""renewable energy"" AND (Spain OR Portugal OR Iberia OR generation)"
2026-03-11,Science Daily,Scientists turn scrap car aluminum into high-performance metal for new vehicles,"Scientists at Oak Ridge National Laboratory have created a new aluminum alloy called RidgeAlloy that can turn contaminated car-body scrap into strong structural vehicle parts. Normally, impurities introduced during recycling make this scrap unsuitable for hig…",https://www.sciencedaily.com/releases/2026/03/260309225217.htm,0.6486,0.105,0.0,0.895,"""renewable energy"" AND (Spain OR Portugal OR Iberia OR generation)"
2026-03-11,Geeky Gadgets,Flywheel and Sodium-Ion Battery Hybrids Target Short Power Spikes on Renewables,The transition to renewable energy has introduced a critical challenge: maintaining grid stability in the absence of traditional inertia provided by fossil fuel-based power plants. Without the rotational motion of turbines that historically buffered grids aga…,https://www.geeky-gadgets.com/renewables-stability-flywheels/,0.1027,0.094,0.046,0.86,"""renewable energy"" AND (Spain OR Portugal OR Iberia OR generation)"
2026-03-09,Grist,The future of geothermal energy may depend on fossil fuel workers,The next generation of geothermal energy is drawing on decades of talent and technical expertise developed in the oil and gas industries.,https://grist.org/energy/the-future-of-geothermal-energy-may-depend-on-fossil-fuel-workers/,0.7184,0.189,0.0,0.811,"""renewable energy"" AND (Spain OR Portugal OR Iberia OR generation)"
2026-03-30,The Indian Express,Centre may add battery storage under revamped PM-KUSUM 2.0,Centre extended timeline for financial closure & completion of projects under PM-KUSUM scheme on Saturday.,https://indianexpress.com/article/business/centre-may-add-battery-storage-under-revamped-pm-kusum-2-0-10608644/,0.0,0.0,0.0,1.0,"""renewable energy"" AND (Spain OR Portugal OR Iberia OR generation)"
2026-03-06,CleanTechnica,Wind on Oʻahu: A Modest but Valuable Complement to Solar,Any serious discussion of renewable energy on Oʻahu should begin with a clear understanding of how much electricity the island actually needs once fossil fuel end uses are electrified. Earlier analysis constructed a fully electrified civilian energy Sankey fo…,https://cleantechnica.com/2026/03/06/wind-on-oʻahu-a-modest-but-valuable-complement-to-solar/,0.9223,0.248,0.025,0.727,"""renewable energy"" AND (Spain OR Portugal OR Iberia OR generation)"
2026-03-20,The Indian Express,"Kisan Mela at PAU begins today, V-C urges farmers to attend amid inclement weather",The varsity will be selling high quality paddy seeds for the upcoming kharif season at the Mela. The Mela will reportedly be attended by thousands of farmers not just from Punjab but across the northern region.,https://indianexpress.com/article/cities/chandigarh/pau-kisan-mela-ludhiana-seeds-paddy-varieties-weather-updates-10591442/,0.0,0.0,0.0,1.0,"""renewable energy"" AND (Spain OR Portugal OR Iberia OR generation)"
2026-03-13,New Atlas,Ambitious startup plans to put AI data centers in offshore wind turbines,"What do you get when you combine distressed offshore wind energy sites, surging AI energy demands, and not-in-my-backyard sentiments towards data centers? One company is combining all three problems into a solution: floating offshore data centers.Continue Rea…",https://newatlas.com/energy/aikido-technologies-ai-data-centers-offshore-wind-turbines/,0.4767,0.165,0.095,0.74,"""renewable energy"" AND (Spain OR Portugal OR Iberia OR generation)"
2026-03-07,ABC News (AU),Irony as offshore wind-farm survey solves 150yo coal supply-ship mystery,"A renewable energy company's search for an offshore wind farm site leads divers to the wreckage of the City of Hobart, which sank nearly 150 years ago off Victoria's east coast.",https://www.abc.net.au/news/2026-03-08/city-of-hobart-shipwreck-found-off-gippsland-coast/106268896,0.5106,0.126,0.027,0.847,"""renewable energy"" AND (Spain OR Portugal OR Iberia OR generation)"
2026-03-13,Wattsupwiththat.com,Barclays Sounds the Alarm on Renewable Energy,"Yet, as the Barclays analysts point out, the real risks now lurk in the renewable sector. “Stranded-asset risk is becoming system wide,” the paper warns. “Historically, stranding meant coal plants. Today, renewables facing multi-year interconnection queues, c…",https://wattsupwiththat.com/2026/03/12/barclays-sounds-the-alarm-on-renewable-energy/,-0.6249,0.093,0.194,0.713,"""renewable energy"" AND (Spain OR Portugal OR Iberia OR generation)"
2026-03-08,New Atlas,US advances nuclear revival with approval of Natrium Gen IV reactor,The United States has taken a step toward a 21st-century renaissance in civilian nuclear power as the Nuclear Regulatory Commission (NRC) has given the go-ahead for TerraPower's Natrium Gen IV reactor to begin construction – the first such approval for a US r…,https://newatlas.com/energy/natrium-nuclear-plant-construction-green-light/,0.8402,0.15,0.0,0.85,"""renewable energy"" AND (Spain OR Portugal OR Iberia OR generation)"
2026-03-18,Al Jazeera English,European groups join aid convoy to Cuba amid crippling oil blockade,Millions have been plunged into darkness in Cuba as the US's total blockade has meant no fuel shipments in three months.,https://www.aljazeera.com/news/2026/3/18/as-cuba-found-flotilla-leaves-italy-europe-divided-over-stance-on-crisis,-0.25,0.062,0.119,0.819,"""renewable energy"" AND (Spain OR Portugal OR Iberia OR generation)"
2026-03-28,Tom's Hardware UK,Meta to fund seven new natural gas power plants to fuel AI data centers — Entergy partnership to deliver 7 gigawatts of power for Louisiana AI facility,"Meta is paying for the construction of seven new natural gas plants to supply its largest data center, massively expanding the fossil fuel infrastructure underpinning its AI buildout.",https://www.tomshardware.com/tech-industry/artificial-intelligence/meta-will-fund-seven-new-gas-plants-to-power-its-7gw-louisiana-data-center,0.6124,0.086,0.0,0.914,"""renewable energy"" AND (Spain OR Portugal OR Iberia OR generation)"
2026-03-07,Yanko Design,5 Floating Designs That Look Like Photoshop (But They’re Real),"5 Floating Designs That Look Like Photoshop (But They’re Real)Floating design is a product-led architectural approach that prioritizes spatial freedom and visual continuity. By lifting elements from the ground, spatial and product design achieves...",https://www.yankodesign.com/2026/03/07/5-floating-designs-that-look-like-photoshop-but-theyre-real/,0.8957,0.208,0.0,0.792,"""renewable energy"" AND (Spain OR Portugal OR Iberia OR generation)"
2026-03-27,Nature.com,Future rooftop photovoltaics will weaken carbon mitigation but offer promising water and land benefits,"This study maps China’s rooftop PV potential across 349 cities through 2050. It reveals diverging trajectories where carbon mitigation peaks in 2035–2040, yet water and land savings rise continuously, highlighting PV system’s evolving systemic value.",https://www.nature.com/articles/s41467-026-70923-0,0.8462,0.176,0.033,0.79,"""renewable energy"" AND (Spain OR Portugal OR Iberia OR generation)"
2026-03-04,Al Jazeera English,China set to release new five-year plan at National People’s Congress,Beijing is expected to set a growth target of 4.5 to 5 percent cent for 2026 at this week's NPC.,https://www.aljazeera.com/news/2026/3/4/china-set-to-release-new-five-year-plan-at-national-peoples-congress,0.3818,0.08,0.0,0.92,"""renewable energy"" AND (Spain OR Portugal OR Iberia OR generation)"
2026-03-05,CleanTechnica,Spotlight On Texas As Trump Makes Solar Power Great Again,"Oh the irony, it burns. US President Donald Trump swept into office with a vendetta against electric vehicles along with wind and solar power, only to upend the political calculation by launching a war against Iran. EVs are more attractive now that the price …",https://cleantechnica.com/2026/03/05/spotlight-on-texas-as-trump-makes-solar-power-great-again/,0.4927,0.115,0.08,0.805,"""renewable energy"" AND (Spain OR Portugal OR Iberia OR generation)"
2026-03-26,Naturalnews.com,Debate intensifies over South Africa’s energy future and the role of coal,"In South Africa, critics warn that overreliance on renewable energy like wind and solar could threaten long-term energy security and economic stability. Analysts emphasize the importance of a balanced energy mix, highlighting baseload power (coal and nuclear)…",https://www.naturalnews.com/2026-03-26-debate-intensifies-over-south-africas-energy-future.html,0.836,0.279,0.101,0.62,"""renewable energy"" AND (Spain OR Portugal OR Iberia OR generation)"
2026-03-30,Geeky Gadgets,Are Biofuels Worse Than Fossil Fuels? Why They’re Not the Climate Solution,"Biofuels are often promoted as a cleaner alternative to fossil fuels, but their environmental and social impacts are far from straightforward. Just Have a Think examines the complexities of biofuel production, including the significant challenges posed by lan…",https://www.geeky-gadgets.com/biofuels-fossil-fuels-comparison/,0.3333,0.127,0.065,0.808,"""renewable energy"" AND (Spain OR Portugal OR Iberia OR generation)"
2026-03-02,Nature.com,Hippopotamus optimization–tuned sigmoid PID controller for load frequency control of a two-area thermal power system with renewable energy sources,Scientific Reports - Hippopotamus optimization–tuned sigmoid PID controller for load frequency control of a two-area thermal power system with renewable energy sources,https://www.nature.com/articles/s41598-026-41620-1,0.5859,0.155,0.0,0.845,"""renewable energy"" AND (Spain OR Portugal OR Iberia OR generation)"
2026-03-30,Nature.com,How buildings and cities can be aligned with life,"Following nature’s patterns, not fighting them, is the way forward for the built environment.",https://www.nature.com/articles/d41586-026-00971-5,0.2755,0.088,0.0,0.912,"""renewable energy"" AND (Spain OR Portugal OR Iberia OR generation)"
2026-03-25,CleanTechnica,"More Solar Power, 2x Faster With Maximo Robots","A new generation of powerful, heat-tolerant robot helpers will enable utility-scale developers to build more solar power plants in the US, more quickly, than ever before.
The post More Solar Power, 2x Faster With Maximo Robots appeared first on CleanTechnica.",https://cleantechnica.com/2026/03/25/more-solar-power-2x-faster-with-maximo-robots/,0.5994,0.096,0.0,0.904,"""renewable energy"" AND (Spain OR Portugal OR Iberia OR generation)"
2026-03-18,Nature.com,"Affordable mobility for all: why we need smaller, cheaper electric vehicles","A cross between e-bikes and electric cars, low-speed electric vehicles are easier to build and run and are greener than larger alternatives.",https://www.nature.com/articles/d41586-026-00779-3,0.4215,0.08,0.0,0.92,"""renewable energy"" AND (Spain OR Portugal OR Iberia OR generation)"
2026-03-04,Electrek,Germany is getting a wind + solar hybrid power plant – here’s how it works,"European energy giant Vattenfall has started construction on a new hybrid renewable energy project in southwest Germany that combines wind and solar power at a single site.



 more…",http://electrek.co/2026/03/04/germany-wind-solar-hybrid-power-plant-vattenfall/,0.5423,0.121,0.0,0.879,"""renewable energy"" AND (Spain OR Portugal OR Iberia OR generation)"
2026-03-05,Electrek,Floating wind turbines could soon power AI data centers at sea,"Aikido Technologies has unveiled a concept that combines floating offshore wind turbines, battery storage, and AI data centers on a single platform.



The offshore infrastructure company says its new platform, called AO60DC, is designed to co‑locate AI-grade…",http://electrek.co/2026/03/05/floating-wind-turbines-could-soon-power-ai-data-centers-at-sea/,0.0,0.0,0.0,1.0,"""renewable energy"" AND (Spain OR Portugal OR Iberia OR generation)"
2026-03-19,Electrek,LEGO is building a huge solar park at its new US factory,"The LEGO Group is installing a large solar array at its new US factory in Chesterfield County, Virginia, as it moves toward powering the site with 100% renewable energy.



 more…",http://electrek.co/2026/03/19/lego-is-building-a-huge-solar-park-at-its-new-us-factory/,0.5719,0.128,0.0,0.872,"""renewable energy"" AND (Spain OR Portugal OR Iberia OR generation)"
2026-03-27,Insurance Journal,Energy Fallout From Iran War Signals Global Wake-Up Call for Renewable Energy,"The war in Iran is exposing the world’s reliance on fragile fossil fuel routes, lending urgency to calls for hastening the shift to renewable energy. Fighting has all but halted oil exports through the Strait of Hormuz, the narrow waterway …",https://www.insurancejournal.com/news/international/2026/03/27/863556.htm,-0.5023,0.117,0.139,0.744,"""renewable energy"" AND (Spain OR Portugal OR Iberia OR generation)"
2026-03-19,Naturalnews.com,U.S. Government Weighs Up to $1 Billion in Compensation to Terminate TotalEnergies Offshore Wind Projects,"Introduction The U.S. Department of the Interior is considering compensation payments potentially totaling $1 billion to French energy giant TotalEnergies SE for the termination of its offshore wind leases, according to government and industry sources. [1] [2…",https://www.naturalnews.com/2026-03-19-us-weighs-compensation-to-end-totalenergies-projects.html,0.2732,0.04,0.0,0.96,"""renewable energy"" AND (Spain OR Portugal OR Iberia OR generation)"
2026-03-23,Hurriyet Daily News,Students generate power by pedaling at Istanbul school,"In Istanbul’s Büyükçekmece district, students at a middle school are turning physical activity into renewable energy by producing electricity through pedal-powered bicycles installed in the schoolyard.",https://www.hurriyetdailynews.com/students-generate-power-by-pedaling-at-istanbul-school-220222,0.34,0.096,0.0,0.904,"""renewable energy"" AND (Spain OR Portugal OR Iberia OR generation)"
2026-03-06,CleanTechnica,"While Hinkley Nuclear Was Being Built, The UK Grid Decarbonized","The latest announcement about Hinkley Point C was predictable. The first reactor at the plant in Somerset is now expected to begin generating electricity in 2030. The cost estimate has climbed again, now reaching roughly £35B in 2015 pounds or about £49B in c…",https://cleantechnica.com/2026/03/06/while-hinkley-nuclear-was-being-built-the-uk-grid-decarbonized/,0.2023,0.033,0.0,0.967,"""renewable energy"" AND (Spain OR Portugal OR Iberia OR generation)"
2026-03-27,The Conversation Africa,War in the Middle East made the case for renewables – what’s happening in each country tells a harder story,"Countries don’t just switch from fossil fuels to renewable energy sources. Each takes its own path, depending on its economy, international trade relations and government stability.",https://theconversation.com/war-in-the-middle-east-made-the-case-for-renewables-whats-happening-in-each-country-tells-a-harder-story-278759,-0.3612,0.068,0.078,0.855,"""renewable energy"" AND (Spain OR Portugal OR Iberia OR generation)"
2026-03-09,TheJournal.ie,Ireland to miss its renewable energy targets up to 2030,"Ireland’s target for the end of this decade is 34.1%, and it is likely that this target will be increased in the coming years.",https://www.thejournal.ie/renewable-energy-targets-ireland-6979693-Mar2026/,0.4404,0.148,0.043,0.809,"""renewable energy"" AND (Spain OR Portugal OR Iberia OR generation)"
2026-03-26,Yale.edu,"As It Boosts Renewables, China Still Can't Break Its Coal Addiction","Despite being a renewables superpower, China continues to permit and build new coal-fired power plants at a rapid pace. Analysts say the nation’s new five-year plan will ensure further coal plant expansion and jeopardize China’s ability to deliver on its clim…",https://e360.yale.edu/features/china-coal-five-year-plan,0.7351,0.128,0.0,0.872,"""renewable energy"" AND (Spain OR Portugal OR Iberia OR generation)"
2026-03-05,Financial Post,Nodal Exchange Achieves Trading Records in Natural Gas and Environmental Markets in February,WASHINGTON — Nodal continues to be the market leader in North American power futures achieving 56% of the open interest with 1.5 billion MWh at the end of February. The open interest represents over $160 billion of notional value (both sides). The traded volu…,https://financialpost.com/pmn/business-wire-news-releases-pmn/nodal-exchange-achieves-trading-records-in-natural-gas-and-environmental-markets-in-february,0.872,0.171,0.0,0.829,"""electricity futures"" OR ""power futures"" OR OMIP OR MIBEL"
2026-03-27,Nature.com,Rapid subsurface warming in the subpolar North Atlantic from freshening,"The North Atlantic subpolar gyre has freshened over recent decades, a trend projected to intensify under continued global warming. This study shows that the resulting increase in stratification drives &nbsp;~&nbsp;1°C subsurface warming within a decade and a …",https://www.nature.com/articles/s41467-026-70635-5,0.6249,0.139,0.0,0.861,"""electricity futures"" OR ""power futures"" OR OMIP OR MIBEL"
2026-03-10,New Zealand Herald,Prime Minister Christopher Luxon survives gruelling days at Parliament – Thomas Coughlan,"OPINION: There’s a lot of pressure on the PM, who is prone to verbal fumbles and gaffes.",https://www.nzherald.co.nz/nz/politics/prime-minister-christopher-luxon-survives-gruelling-days-at-parliament-thomas-coughlan/premium/PYZ3LMCJAJB5DMQZQ4FCVSPZWI/,-0.296,0.0,0.073,0.927,"""electricity futures"" OR ""power futures"" OR OMIP OR MIBEL"
2026-03-05,Dynomight.net,Maybe There's a Pattern Here?,Inventors and impacts,https://dynomight.net/pattern/,0.0,0.0,0.0,1.0,"""European power"" AND (market OR price OR wholesale)"
2026-03-28,Pypi.org,nexa-marketdata 0.1.0b2,Unified API client for European power market data sources,https://pypi.org/project/nexa-marketdata/0.1.0b2/,0.3818,0.206,0.0,0.794,"""European power"" AND (market OR price OR wholesale)"
2026-03-17,Financial Post,Europe’s Green Power Revolution Softens Iran Energy Price Shock,"Europe’s power market is facing its first serious geopolitical stress test since the 2022 energy crisis — and, so far, it’s holding up.",https://financialpost.com/pmn/business-pmn/europes-green-power-revolution-softens-iran-energy-price-shock,-0.765,0.102,0.263,0.634,"""European power"" AND (market OR price OR wholesale)"
2026-03-13,GlobeNewswire,Statkraft joins leading power companies in call to safeguard EU ETS and strengthen Europe’s competitiveness,"(Oslo / Brussels, 13 March 2026) Eight major European energy companies urge EU leaders to protect proven market mechanisms and accelerate the clean energy transition.– Statkraft, Europe’s largest renewable energy producer, joins seven other major European pow…",https://www.globenewswire.com/news-release/2026/03/13/3255372/0/en/Statkraft-joins-leading-power-companies-in-call-to-safeguard-EU-ETS-and-strengthen-Europe-s-competitiveness.html,0.9334,0.291,0.0,0.709,"""European power"" AND (market OR price OR wholesale)"
2026-03-04,OilPrice.com,Strait of Hormuz Closure Sends European Gas Benchmark Soaring,"Military strikes in the Middle East and the effective closure of the Strait of Hormuz have triggered one of the sharpest moves in European gas markets over the past year, with the Title Transfer Facility (TTF) benchmark surging on disrupted liquefied natural …",https://oilprice.com/Energy/Natural-Gas/Strait-of-Hormuz-Closure-Sends-European-Gas-Benchmark-Soaring.html,0.4767,0.098,0.044,0.858,"""European power"" AND (market OR price OR wholesale)"
2026-03-15,Pypi.org,nexa-bidkit added to PyPI,Day-ahead and intraday auction bid generation for European power markets,https://pypi.org/project/nexa-bidkit/,0.0,0.0,0.0,1.0,"""European power"" AND (market OR price OR wholesale)"
2026-03-28,Pypi.org,nexa-marketdata added to PyPI,Unified API client for European power market data sources,https://pypi.org/project/nexa-marketdata/,0.3818,0.178,0.0,0.822,"""European power"" AND (market OR price OR wholesale)"
2026-03-02,GlobeNewswire,Euronext appoints Judith Stein as Head of Investor Relations,Euronext appoints Judith Stein as Head of Investor Relations...,https://www.globenewswire.com/news-release/2026/03/02/3247054/0/en/Euronext-appoints-Judith-Stein-as-Head-of-Investor-Relations.html,0.0,0.0,0.0,1.0,"""European power"" AND (market OR price OR wholesale)"
2026-03-09,GlobeNewswire,Euronext announces volumes for February 2026,"Euronext announces volumes for February 2026  Amsterdam, Athens, Brussels, Dublin, Lisbon, Milan, Oslo and Paris – 9 March 2026 – Euronext, the leading...",https://www.globenewswire.com/news-release/2026/03/09/3251539/0/en/Euronext-announces-volumes-for-February-2026.html,0.0,0.0,0.0,1.0,"""European power"" AND (market OR price OR wholesale)"
2026-03-26,Financial Post,Energy Traders Turn to AI to Forecast the Weather Forecast,"In Europe’s weather-driven energy markets, traders are turning to AI and machine-learning tools designed not to predict temperatures and precipitation, but to forecast the forecast.",https://financialpost.com/pmn/business-pmn/energy-traders-turn-to-ai-to-forecast-the-weather-forecast,0.2732,0.086,0.0,0.914,"""European power"" AND (market OR price OR wholesale)"
2026-03-26,OilPrice.com,Europe Faces Energy Scarcity If War Drags Into Summer,"Despite headlines saying that energy shortages could hit Europe by April, in reality, the continent has enough natural gas, renewables and coal to last it until summer, when energy demand picks up after a home heating reduction in spring due to warmer tempera…",https://oilprice.com/Energy/Energy-General/Europe-Faces-Energy-Scarcity-If-War-Drags-Into-Summer.html,0.3182,0.175,0.139,0.686,"""European power"" AND (market OR price OR wholesale)"
2026-03-09,Financial Post,Volkswagen Pushes Into Energy Storage on Slow EV Battery Demand,Volkswagen AG is broadening its battery ambitions beyond electric vehicles into large-scale energy storage and trading as global EV demand falls short of expectations.,https://financialpost.com/pmn/business-pmn/volkswagen-pushes-into-energy-storage-on-slow-ev-battery-demand,0.296,0.113,0.081,0.806,"""European power"" AND (market OR price OR wholesale)"
2026-03-10,Anglotopia.net,The Prime Ministers: The Complete History of Britain’s Prime Ministers from Robert Walpole to the Present Day,"Introduction: The Office of Prime Minister The office of the British Prime Minister stands as one of the most powerful and recognizable political positions in the world, yet it is also one of the most peculiar. Unlike the President of the United States, the C…",https://anglotopia.net/site-news/featured/the-prime-ministers-the-complete-history-of-britains-prime-ministers-from-robert-walpole-to-the-present-day/,0.7774,0.117,0.0,0.883,"""European power"" AND (market OR price OR wholesale)"
2026-03-18,The Atlantic,Why Britain Is Saying No to Trump’s Iran War,"Alastair Campbell on the end of the U.S.-U.K. “special relationship.” Plus: Why Democrats in Congress cannot ignore their duty, and The Director, by Daniel Kehlmann.",https://www.theatlantic.com/podcasts/2026/03/david-frum-show-alastair-campbell-uk-us-relationship/686441/,-0.6111,0.054,0.156,0.791,"""European power"" AND (market OR price OR wholesale)"
2026-03-12,Popular Science,NASA shows how Sahara desert dust spread all over Europe,"The dust coated the Alps and caused 'blood rain' in England.
The post NASA shows how Sahara desert dust spread all over Europe appeared first on Popular Science.",http://www.popsci.com/environment/sahara-dust-spread-europe/,0.4215,0.07,0.0,0.93,(wind OR solar) AND generation AND (Iberia OR Spain OR Portugal)
2026-03-02,Apple Newsroom,Apple Introduces iPhone 17e,"Apple today announced the new iPhone 17e, a powerful and affordable addition to the iPhone 17 lineup.",https://www.apple.com/newsroom/2026/03/apple-introduces-iphone-17e/,0.4215,0.123,0.0,0.877,(wind OR solar) AND generation AND (Iberia OR Spain OR Portugal)
2026-03-12,NASA,Dust Outbreak Reaches Europe,Clouds of dust lofted from the Sahara Desert brought hazy skies and muddy rain to Western Europe.,https://science.nasa.gov/earth/earth-observatory/dust-outbreak-reaches-europe/,0.0516,0.057,0.0,0.943,(wind OR solar) AND generation AND (Iberia OR Spain OR Portugal)
2026-03-26,Juancole.com,"Nations Rush to Renewables, EVs in face of Iran Forever War","Germany's Energy Minister said that energy policy is now ""security policy"" and that it wants to avoid being under the thumb of foreign powers",https://www.juancole.com/2026/03/nations-renewables-forever.html,-0.128,0.155,0.143,0.703,(wind OR solar) AND generation AND (Iberia OR Spain OR Portugal)
2026-03-26,Wattsupwiththat.com,Yet Another Reason Why Wind And Solar Electricity Generation Will Never Work To Run An Economy,"Our power grids are built around alternating current, that is current that varies in a regular sine wave pattern over time . . . . Voltage also varies in the same way. This electricity is generated utilising some fundamental principles of physics. If you rota…",https://wattsupwiththat.com/2026/03/26/yet-another-reason-why-wind-and-solar-electricity-generation-will-never-work-to-run-an-economy/,0.0,0.0,0.0,1.0,(wind OR solar) AND generation AND (Iberia OR Spain OR Portugal)
2026-03-09,Nature.com,Reconstructing fine-scale 3D wind fields with terrain-informed machine learning,"This study presents a terrain-aware AI framework trained on computational fluid dynamics that reconstructs fine-scale 3D wind fields from coarse weather forecasts, enabling accurate wind prediction over complex terrain without costly simulations.",https://www.nature.com/articles/s41467-026-70562-5,0.3391,0.08,0.0,0.92,(wind OR solar) AND generation AND (Iberia OR Spain OR Portugal)
2026-03-27,Wattsupwiththat.com,Renewables Are Cheap Myth,I have long been meaning to address the myth that renewables provide the cheapest electricity. This myth has achieved “everybody knows that” status which means that a rebuttal must have strong supporting arguments.   A series of articles at the Science of Doo…,https://wattsupwiththat.com/2026/03/27/renewables-are-cheap-myth/,0.5423,0.119,0.052,0.829,(wind OR solar) AND generation AND (Iberia OR Spain OR Portugal)
2026-03-10,Juancole.com,The Unexpected Winner of the Iran War? Green Energy in Asia and Europe,China’s decision to invest in a transition to a green economy has also helped buffer it from the Iran War Fall-Out,https://www.juancole.com/2026/03/energy-accelerates-switch.html,-0.4404,0.135,0.178,0.686,(wind OR solar) AND generation AND (Iberia OR Spain OR Portugal)
2026-03-16,GlobeNewswire,Atrato Onsite Energy is to rebrand to Finlight after a milestone transaction that creates Europe’s leading distributed generation company,Brookfield backed Atrato Onsite Energy has acquired Spanish solar business Finlight to create Europe's largest C&I solar business...,https://www.globenewswire.com/news-release/2026/03/16/3255988/0/en/Atrato-Onsite-Energy-is-to-rebrand-to-Finlight-after-a-milestone-transaction-that-creates-Europe-s-leading-distributed-generation-company.html,0.7579,0.229,0.0,0.771,(wind OR solar) AND generation AND (Iberia OR Spain OR Portugal)
2026-03-04,AutoExpress,New Cupra Raval says no-camo hello: brand’s first electric supermini is nearly here,The next-generation Cupra EV flaunts its eccentric looks only weeks before the official reveal,https://www.autoexpress.co.uk/cupra/raval/365457/new-cupra-raval-says-no-camo-hello-brands-first-electric-supermini-nearly,0.0,0.0,0.0,1.0,(wind OR solar) AND generation AND (Iberia OR Spain OR Portugal)
2026-03-19,GlobeNewswire,Sperra Deploys First 3D-Printed Concrete Gravity Anchor at EDP Floating Solar Test Site in Portugal,"Sperra deploys its first 3D printed gravity anchor at EDP’s floating solar lab in Portugal, validating anchoring technology for floating renewables....",https://www.globenewswire.com/news-release/2026/03/19/3258770/0/en/Sperra-Deploys-First-3D-Printed-Concrete-Gravity-Anchor-at-EDP-Floating-Solar-Test-Site-in-Portugal.html,0.34,0.064,0.0,0.936,(wind OR solar) AND generation AND (Iberia OR Spain OR Portugal)
2026-03-27,Autocar,Porsche Cayenne Electric,"Stalwart luxury SUV turns electric for its next generation – with an astonishing peak output of 1140bhp

Ah, the Porsche Cayenne. They should just rename it the Porsche Controversy and be done with it, shouldn’t they?Back in 2002, the Cayenne arrived on a tsu…",https://www.autocar.co.uk/car-review/porsche/cayenne-electric,0.0,0.0,0.0,1.0,(wind OR solar) AND generation AND (Iberia OR Spain OR Portugal)
2026-03-25,Adweek,3 Targeting Mistakes That Drive Me Crazy,"After over 25 years in marketing, I learned that many targeting decisions aren't driven by sound commercial logic. Here are the three biggest mistakes.",https://www.adweek.com/brand-marketing/3-targeting-mistakes-that-drive-me-crazy/,-0.7506,0.0,0.209,0.791,(wind OR solar) AND generation AND (Iberia OR Spain OR Portugal)
2026-03-05,RTE,Greencoat announces green digital infrastructure platform,"Wind and solar energy group Greencoat Renewables has reported lower revenues and EBITDA for 2025 after it said it generated a total of 3,684 GWh of clean electricity across 36 renewable generation and storage assets in five European countries.",https://www.rte.ie/news/business/2026/0305/1561763-greencoat-announces-green-digital-infrastructure-platform/,0.5574,0.156,0.044,0.8,(wind OR solar) AND generation AND (Iberia OR Spain OR Portugal)
2026-03-26,Freerepublic.com,Yet Another Reason Why Wind And Solar Electricity Generation Will Never Work To Run An Economy,If you don’t like fossil fuels — and who does? — our betters in academia and environmental NGOs have the perfect answer: we can just get our energy in the form of electricity from the wind and sun. The fuel is abundant and free for the taking. The New York Ti…,https://freerepublic.com/focus/f-chat/4372282/posts,0.891,0.155,0.0,0.845,(wind OR solar) AND generation AND (Iberia OR Spain OR Portugal)
2026-03-26,Wattsupwiththat.com,Transition realism hits Barclays,"Imagine you had been fed climate nonsense your whole life. Your teachers were emptied-headed little bimbos who had bought into the climate agenda wholesale and tolerated no dissent from their students. By the time that you reached college, you were sure that …",https://wattsupwiththat.com/2026/03/26/transition-realism-hits-barclays/,-0.296,0.072,0.095,0.833,(wind OR solar) AND generation AND (Iberia OR Spain OR Portugal)
2026-03-23,OilPrice.com,Why Portugal and Spain Dodge Europe’s Energy Price Shock,"There is a persistent belief in energy debates that refuses to die: renewables and electrification are necessary, but expensive. It is often framed as an unavoidable trade?off — clean energy comes at a premium, while fossil fuels remain the cheaper, more reli…",https://oilprice.com/Energy/Energy-General/Why-Portugal-and-Spain-Dodge-Europes-Energy-Price-Shock.html,0.6187,0.159,0.073,0.769,(wind OR solar) AND generation AND (Iberia OR Spain OR Portugal)
2026-03-10,GlobeNewswire,Organometallics Strategic Business Report 2026: Market to Reach $12.4 Billion by 2030 - Surge in Organometallic-Based Photovoltaics and Solar Inks Expands Role in Next-Generation Energy Materials,"Key market opportunities for organometallics include expanding applications in advanced electronics, semiconductors, and pharmaceuticals, driven by innovations in ligand design and sustainable processes. Growth is fueled by demand for high-efficiency polymer …",https://www.globenewswire.com/news-release/2026/03/10/3253062/28124/en/Organometallics-Strategic-Business-Report-2026-Market-to-Reach-12-4-Billion-by-2030-Surge-in-Organometallic-Based-Photovoltaics-and-Solar-Inks-Expands-Role-in-Next-Generation-Energ.html,0.8689,0.217,0.023,0.76,(wind OR solar) AND generation AND (Iberia OR Spain OR Portugal)
2026-03-10,The Atlantic,Spain’s Wind-Farm Bargain,Renewable-energy projects can boost the economy of a rural town—if the community has a say in development.,https://www.theatlantic.com/science/2026/03/spain-wind-power/686311/,0.5423,0.2,0.0,0.8,(wind OR solar) AND generation AND (Iberia OR Spain OR Portugal)
2026-03-03,BusinessLine,Huawei Collaborates with GCC to Launch the AIDC Ecosystem Co-construction Initiative,Huawei Collaborates with GCC to Launch the AIDC Ecosystem Co-construction Initiative,https://www.thehindubusinessline.com/brandhub/pr-release/huawei-collaborates-with-gcc-to-launch-the-aidc-ecosystem-co-construction-initiative/article70699207.ece,0.0,0.0,0.0,1.0,(wind OR solar) AND generation AND (Iberia OR Spain OR Portugal)
2026-03-02,GlobeNewswire,"Green Ammonia Market to Surpass USD 3,245.3 Million by 2033 as Global Maritime and Fertilizer Sectors Decarbonize",Electrolyzer scale-up and renewable energy integration are rapidly positioning green ammonia as a prominent zero-carbon fuel and fertilizer alternative....,https://www.globenewswire.com/news-release/2026/03/02/3247187/0/en/Green-Ammonia-Market-to-Surpass-USD-3-245-3-Million-by-2033-as-Global-Maritime-and-Fertilizer-Sectors-Decarbonize.html,0.5719,0.147,0.0,0.853,(wind OR solar) AND generation AND (Iberia OR Spain OR Portugal)
2026-03-12,GlobeNewswire,2025 full year results,"2025 full year results  EBITDA and capacity targets achieved  With SPRING: activities refocused, leaner organization and reduction in the number of...",https://www.globenewswire.com/news-release/2026/03/12/3254282/0/en/2025-full-year-results.html,0.0772,0.051,0.0,0.949,(wind OR solar) AND generation AND (Iberia OR Spain OR Portugal)
2026-03-06,GlobeNewswire,MWC26 Live Coverage: UniCom Weaves a New Global Intelligence Connectivity Landscape with Digital Intelligence,"BARCELONA, Spain, March 05, 2026 (GLOBE NEWSWIRE) -- On March 2, the 2026 Mobile World Congress kicked off in Barcelona, Spain, with UniCom and other Chinese tech companies drawing significant attention. China's solutions garnered recognition from the global …",https://www.globenewswire.com/news-release/2026/03/06/3250792/0/en/MWC26-Live-Coverage-UniCom-Weaves-a-New-Global-Intelligence-Connectivity-Landscape-with-Digital-Intelligence.html,0.8271,0.165,0.0,0.835,(wind OR solar) AND generation AND (Iberia OR Spain OR Portugal)
2026-03-26,OilPrice.com,The Economic Stakes of a Large-Scale Attack on the National Power Grid,"The United States energy grid is in an extremely vulnerable position. Aging and underfunded, the grid is already being stressed to its limits by skyrocketing energy demand on the part of data centers as well as increasingly complicated energy flows introduced…",https://oilprice.com/Energy/Energy-General/The-Economic-Stakes-of-a-Large-Scale-Attack-on-the-National-Power-Grid.html,0.2516,0.174,0.143,0.683,(wind OR solar) AND generation AND (Iberia OR Spain OR Portugal)
2026-03-30,OilPrice.com,India Leans on Coal and Renewables as War Throttles Gas Supply,"India is speeding up the commissioning of wind farms and battery storage systems as its natural gas supply is slashed amid the war in the Middle East, India's junior power minister Shripad Naik said on Monday. ""Presently, there are challenges in respect of av…",https://oilprice.com/Latest-Energy-News/World-News/India-Leans-on-Coal-and-Renewables-as-War-Throttles-Gas-Supply.html,-0.5859,0.105,0.148,0.747,(wind OR solar) AND generation AND (Iberia OR Spain OR Portugal)
2026-03-04,Weandthecolor.com,Casa A by L2C Arquitetura Turns a Steep Braga Hillside Into Habitable Poetry,"Slopes do not forgive indecision. A plot that drops six meters from street to garden demands a clear architectural answer — or it swallows the building whole. Casa A, designed by the Portuguese studio L2C Arquitetura and captured in photography by Ivo Tavares…",https://weandthecolor.com/casa-a-by-l2c-arquitetura-turns-a-steep-braga-hillside-into-habitable-poetry/208493,0.3352,0.071,0.031,0.898,(wind OR solar) AND generation AND (Iberia OR Spain OR Portugal)
2026-03-28,Lenscratch.com,Mexico Week – Gerardo Montiel Klint: Cartographer of the Unconscious,"When I think of Mexico Week I don’t just see it as a series of interviews, but as a compass of what’s yet to come. Seven artists, each working from a different place—whether it’s femininity, nature, society, history, identity, architecture, or the unconscious…",http://lenscratch.com/2026/03/mexico-week-gerardo-montiel-klint-cartographer-of-the-unconscious/,0.0,0.0,0.0,1.0,(wind OR solar) AND generation AND (Iberia OR Spain OR Portugal)
2026-03-25,Independent.ie,Wind power kept lid on electricity prices in March despite Iran war – ESB,"Strong wind energy output in March kept a lid on electricty bills despite surging gas and oil prices, helping mitiage the hit to consumers and businesses, according ESB Group’s chief financial officer Paul Stapleton.",https://www.independent.ie/business/irish/wind-power-kept-lid-on-electricity-prices-in-march-despite-iran-war-esb/a1102576777.html,0.8672,0.196,0.0,0.804,(wind OR solar) AND generation AND (Iberia OR Spain OR Portugal)
2026-03-09,Plos.org,Spatial and social determinants of the 1857 yellow fever epidemic in Lisbon,"Author summary Yellow fever is a mosquito-borne disease transmitted to humans primarily through Aedes aegypti in urban areas. Currently, yellow fever is endemic in the tropical regions of South America and Africa. Historically yellow fever caused outbreaks an…",https://journals.plos.org/plosntds/article?id=10.1371/journal.pntd.0014059,0.0,0.0,0.0,1.0,(wind OR solar) AND generation AND (Iberia OR Spain OR Portugal)
2026-03-23,Rigzone,Iberdrola Reaches Over 11 GW of Installed Capacity in US,'Avangrid's growing portfolio is helping to meet a surge in energy demand across the country brought on by the proliferation of data centers powering the country's AI revolution'.,https://www.rigzone.com/news/iberdrola_reaches_over_11_gw_of_installed_capacity_in_us-23-mar-2026-183270-article/,0.7351,0.225,0.035,0.741,(wind OR solar) AND generation AND (Iberia OR Spain OR Portugal)
2026-03-21,Juancole.com,“Iran was an Obstacle to Israeli Hegemony” – Juan Cole & Friends at Rutgers CSSR,Iran was a real problem for the Israelis because it was a brake on these expansionist and hegemonic designs,https://www.juancole.com/2026/03/obstacle-israeli-hegemony.html,-0.2732,0.079,0.132,0.789,(wind OR solar) AND generation AND (Iberia OR Spain OR Portugal)
2026-03-24,Lenscratch.com,Mexico Week – Tomás Casademunt: Time Frozen by Light,"When I think of Mexico Week I don’t just see it as a series of interviews, but as a compass of what’s yet to come. Seven artists, each working from a different place—whether it’s femininity, nature, society, history, identity, architecture, or the unconscious…",http://lenscratch.com/2026/03/mexico-week-tomas-casademunt-time-frozen-by-light/,0.0,0.0,0.0,1.0,(wind OR solar) AND generation AND (Iberia OR Spain OR Portugal)
2026-03-20,CounterPunch,Roaming Charges: Trump’s Little Excursion Hits the Straits,"Perhaps Trump will now replace Joe Kent with Newt Gingrich, who is very, very strong on security. So strong that Newt, the Edward Teller of our tormented times, advised Trump to drop 12 nuclear bombs on Iran to blast out a canal by-passing the Strait of Hormu…",https://www.counterpunch.org/2026/03/20/roaming-charges-trumps-little-excursion-hits-the-straits/,0.8213,0.166,0.065,0.77,(wind OR solar) AND generation AND (Iberia OR Spain OR Portugal)
2026-03-12,GlobeNewswire,"[Latest] Global Silicon Nitride Balls Market Size/Share Worth USD 766 Million by 2034 at a 4.8% CAGR: Custom Market Insights (Analysis, Outlook, Leaders, Report, Trends, Forecast, Segmentation, Growth Rate, Value, SWOT Analysis)","[220+ Pages Latest Report] According to a market research study published by Custom Market Insights, the demand analysis of Global Silicon Nitride Balls Market size & share revenue was valued at approximately USD 425 Million in 2024 and is expected to reach U…",https://www.globenewswire.com/news-release/2026/03/12/3255065/0/en/Latest-Global-Silicon-Nitride-Balls-Market-Size-Share-Worth-USD-766-Million-by-2034-at-a-4-8-CAGR-Custom-Market-Insights-Analysis-Outlook-Leaders-Report-Trends-Forecast-Segmentatio.html,0.8625,0.159,0.018,0.823,(wind OR solar) AND generation AND (Iberia OR Spain OR Portugal)
2026-03-27,Mother Jones,What War in the Middle East Means for the World’s Clean Energy Transition,"This story was originally published by the Guardian and is reproduced here as part of the Climate Desk collaboration. As the deadly war in Iran triggers what the International Energy Agency has described as the worst oil crisis in history, climate advocates a…",https://www.motherjones.com/politics/2026/03/iran-war-middle-east-impact-affect-clean-energy-transition/,-0.9022,0.096,0.223,0.682,(wind OR solar) AND generation AND (Iberia OR Spain OR Portugal)
2026-03-08,Nature.com,Analysis of rainfall response and graded warning for landslides,Scientific Reports - Analysis of rainfall response and graded warning for landslides,https://www.nature.com/articles/s41598-026-42802-7,-0.5859,0.0,0.202,0.798,"""hydro"" AND (reservoir OR drought) AND (Spain OR Iberia)"
2026-03-18,Substack.com,Building Liberal Compute,American AI companies won’t move to Europe. But we can work to have them deploy compute on liberal shores.,https://simongrimm.substack.com/p/building-liberal-compute,0.0,0.0,0.0,1.0,"""LNG"" AND (Europe OR Spain OR terminal)"
2026-03-20,Abcnews.com,"Attacks on Middle East energy sites deepen threat to US economy, analysts say",Tit-for-tat attacks on oil and gas sites across the Middle East in recent days have pushed up oil prices.,https://abcnews.com/Business/attacks-middle-east-energy-sites-deepen-threat-us/story?id=131213656,-0.7964,0.053,0.234,0.712,"""LNG"" AND (Europe OR Spain OR terminal)"
2026-03-19,Abcnews.com,Iran targets Gulf countries' energy infrastructure after Israeli strike on gas field,Iran launched a series of retaliatory strikes against the vital energy infrastructure in nearby Gulf states after Israel hit its largest gas field Wednesday.,https://abcnews.com/International/iran-targets-gulf-countries-energy-infrastructure-after-israeli/story?id=131197541,0.4404,0.189,0.095,0.716,"""LNG"" AND (Europe OR Spain OR terminal)"
2026-03-02,Al Jazeera English,"QatarEnergy, world’s largest LNG firm, halts production after Iran attacks",This comes after Saudi Arabia announced the temporary closure of one of its largest oil facilities following drone attacks.,https://www.aljazeera.com/news/2026/3/2/qatarenergy-worlds-largest-lng-firm-halts-production-after-iran-attacks,-0.7003,0.0,0.177,0.823,"""LNG"" AND (Europe OR Spain OR terminal)"
2026-03-27,Al Jazeera English,What is LNG and what is it used for?,"Natural gas powers a quarter of the world, and almost a fifth of LNG moves through the Strait of Hormuz.",https://www.aljazeera.com/news/2026/3/27/what-is-lng-and-what-is-it-used-for,0.3612,0.082,0.0,0.918,"""LNG"" AND (Europe OR Spain OR terminal)"
2026-03-04,Al Jazeera English,Which oil and gas facilities in the Gulf have been attacked?,"Damage to several energy facilities has caused global prices to spike, but Iran denies it is targeting energy sites.",https://www.aljazeera.com/news/2026/3/4/which-oil-and-gas-facilities-in-the-gulf-have-been-attacked,-0.4588,0.154,0.207,0.638,"""LNG"" AND (Europe OR Spain OR terminal)"
2026-03-05,Al Jazeera English,Will the US benefit from the oil crisis sparked by the war on Iran?,Attacks on energy sites in the Gulf and disruptions in the Strait of Hormuz give Western exporters a chance to profit.,https://www.aljazeera.com/news/2026/3/5/will-the-us-benefit-from-the-oil-crisis-sparked-by-the-war-on-iran,-0.6486,0.199,0.264,0.537,"""LNG"" AND (Europe OR Spain OR terminal)"
2026-03-19,Al Jazeera English,Iran attacks cut 17% of Qatar’s LNG capacity for up to 5 years: QatarEnergy,CEO Saad al-Kaabi says QatarEnergy may have to declare force majeure on long-term contracts for up to five years.,https://www.aljazeera.com/news/2026/3/19/iran-attacks-cut-17-of-qatars-lng-capacity-for-up-to-5-years-qatarenergy,-0.6124,0.0,0.139,0.861,"""LNG"" AND (Europe OR Spain OR terminal)"
2026-03-20,Al Jazeera English,"QatarEnergy CEO says warned US, industry officials against attack on energy",QatarEnergy CEO Saad al-Kaabi says he warned US of 'consequences' of attacking Iranian energy infrastructure.,https://www.aljazeera.com/news/2026/3/20/qatarenergy-ceo-says-warned-us-industry-officials-against-attack-on-energy,-0.7269,0.122,0.299,0.58,"""LNG"" AND (Europe OR Spain OR terminal)"
2026-03-13,Al Jazeera English,Force majeure: What is it and why have some Gulf countries invoked it?,Several Gulf nations have declared force majeure on oil and gas shipment since the US-Israel’s war on Iran was launched.,https://www.aljazeera.com/news/2026/3/13/force-majeure-what-is-it-and-why-have-some-gulf-countries-invoked-it,-0.5267,0.041,0.107,0.852,"""LNG"" AND (Europe OR Spain OR terminal)"
2026-03-26,Al Jazeera English,Helium hitch: Why US-Israel war on Iran could cause MRI scan delays,Shortage of helium will have ripple effects across medical and other industries.,https://www.aljazeera.com/economy/2026/3/26/helium-hitch-why-us-israel-war-on-iran-could-cause-mri-scan-delays,-0.7096,0.0,0.211,0.789,"""LNG"" AND (Europe OR Spain OR terminal)"
2026-03-20,CNA,Rising electricity prices in Singapore: How the Qatar gas hub attack is driving this,Iranian strikes on the world's largest LNG facility have jolted global gas markets. Here's how that filters through to Singapore's power prices.,https://www.channelnewsasia.com/singapore/electricity-costs-rise-qatar-gas-hub-iran-ras-laffan-lng-6006486,-0.6808,0.0,0.141,0.859,"""LNG"" AND (Europe OR Spain OR terminal)"
2026-03-14,Al Jazeera English,Carney’s ‘build big and build fast’ push is dividing Canada’s Indigenous,Some First Nations are challenging Carney's resource-extraction plans to strengthen Canadian economy from US threats.,https://www.aljazeera.com/economy/2026/3/14/carneys-build-big-and-build-fast-push-is-dividing-canadas-indigenous,0.0258,0.131,0.094,0.774,"""LNG"" AND (Europe OR Spain OR terminal)"
2026-03-21,Al Jazeera English,Arab states should beware of Israel’s hegemonic energy expansion,The Iran war revealed how dependent Israel’s Arab neighbours are on its gas exports.,https://www.aljazeera.com/opinions/2026/3/21/arab-states-should-beware-of-israels-hegemonic-energy-expansion,-0.4215,0.078,0.144,0.778,"""LNG"" AND (Europe OR Spain OR terminal)"
2026-03-08,Lloydslist.com,They all said Hormuz closure would be brief. What if they were wrong?,"On day six of the Middle East war, hope of a swift reopening of the Strait of Hormuz is fading. There does not seem to be a quick fix. A material return of transits in the future will require shipowners to be convinced that the route is safe for their crew an…",https://www.lloydslist.com/LL1156532/They-all-said-Hormuz-closure-would-be-brief-What-if-they-were-wrong,0.3182,0.135,0.092,0.773,"""LNG"" AND (Europe OR Spain OR terminal)"
2026-03-30,Scientific American,"NASA’s nuclear Mars mission, Iran war’s carbon emissions surge and Pfizer’s promising Lyme vaccine trial","NASA’s nuclear Mars mission, the Iran war’s carbon fallout, the looming climate cost of rebuilding and a hopeful new Lyme vaccine",https://www.scientificamerican.com/podcast/episode/nasas-nuclear-mars-mission-iran-wars-carbon-emissions-surge-and-pfizers/,0.7906,0.202,0.036,0.762,"""LNG"" AND (Europe OR Spain OR terminal)"
2026-03-21,TheStreet,Asia’s LNG scramble gives Venture Global a fresh opening,"Venture Global (VG) entered the middle of March with a timely new talking point for investors. On Feb. 26, the company unveiled a 20-year sales and purchase ...",https://www.thestreet.com/investing/asias-lng-scramble-gives-venture-global-a-fresh-opening,0.3182,0.06,0.0,0.94,"""LNG"" AND (Europe OR Spain OR terminal)"
2026-03-13,Naturalnews.com,Qatar halts LNG shipments to Europe amid Red Sea crisis,"Yemen’s Iran-backed Houthis have targeted British and American vessels in the Red Sea, forcing Qatar and Saudi Arabia to halt LNG shipments to Europe, triggering Shell’s force majeure declaration. Under the guise of a “climate review,” Biden in his time halte…",https://www.naturalnews.com/2026-03-13-qatar-halts-lng-shipments-europe-red-sea.html,-0.6249,0.0,0.076,0.924,"""LNG"" AND (Europe OR Spain OR terminal)"
2026-03-02,Offshore Technology,Japex to exit Vietnam LNG terminal project,"The decision follows feasibility studies from January 2022 that evaluated constructing an LNG terminal in Nam Dinh Vu Industrial Park, Hai Phong City.",https://www.offshore-technology.com/news/japex-to-exit-vietnam-lng-terminal-project/,0.0,0.0,0.0,1.0,"""LNG"" AND (Europe OR Spain OR terminal)"
2026-03-30,Al Jazeera English,Oil rises above $116 a barrel as Iran accuses US of preparing invasion,Crude prices continue to climb as world faces its biggest energy crisis in decades.,https://www.aljazeera.com/economy/2026/3/30/oil-rises-above-116-a-barrel-as-iran-accuses-us-of-preparing-invasion,-0.8442,0.059,0.289,0.652,"""LNG"" AND (Europe OR Spain OR terminal)"
2026-03-30,Al Jazeera English,"Schools, water, industry: What civilian targets have US, Israel, Iran hit?",US and Israel have increasingly been hitting civilian sites in Iran as efforts to end the weeks-long war are under way.,https://www.aljazeera.com/news/2026/3/30/schools-water-industry-what-civilian-targets-have-us-israel-iran-hit,-0.5994,0.0,0.112,0.888,"""LNG"" AND (Europe OR Spain OR terminal)"
2026-03-16,Al Jazeera English,How badly has the Iran war hit the global economy? The tell-tale signs,Oil and gas price hikes due to the war have rattled the global economy.,https://www.aljazeera.com/news/2026/3/16/the-tell-tale-signs-how-bad-has-the-iran-war-hit-the-global-economy,-0.8979,0.0,0.312,0.688,"""LNG"" AND (Europe OR Spain OR terminal)"
2026-03-14,Yahoo Entertainment,"Venture Global announces FID, financial close for Phase 2 of CP2 LNG","Venture Global (VG) is announcing a final investment decision and closing of an $8.6B project financing for the second phase of the company’s third project, ...",https://finance.yahoo.com/news/venture-global-announces-fid-financial-143129794.html,0.0,0.0,0.0,1.0,"""LNG"" AND (Europe OR Spain OR terminal)"
2026-03-21,Naturalnews.com,Qatar’s LNG industry CRIPPLED by missile strikes,"Missile strikes severely damaged Qatar’s Ras Laffan LNG and gas-to-liquids facilities, causing an estimated $20 billion annual loss and reducing LNG export capacity by 17%. Repairs could take three to five years, forcing QatarEnergy to declare force majeure –…",https://www.naturalnews.com/2026-03-21-qatar-lng-industry-crippled-by-missile-strikes.html,-0.9042,0.0,0.244,0.756,"""LNG"" AND (Europe OR Spain OR terminal)"
